{"type": "block", "layer": 1, "block": 0, "features": [{"geom": {"polygons": [[[[-7.743614214179856, -5.155217102317739], [-7.734016899560542, -5.167475857125603], [-7.725226081968062, -5.188767378633994], [-7.714015773295079, -5.211994493006787], [-7.702805464622103, -5.2307052240293155], [-7.6867561737881225, -5.259093919373839], [-7.653528496282597, -5.290063405204232], [-7.632156325071521, -5.279095045639299], [-7.598364099647215, -5.2616747098597045], [-7.562071733439729, -5.239737990729846], [-7.554087412874077, -5.2578035241309085], [-7.538763969364254, -5.278449848017834], [-7.528360157718106, -5.298450974283293], [-7.5203758371524545, -5.317806902927288], [-7.506746037398976, -5.341034017300081], [-7.497955219806496, -5.358454353079675], [-7.489164402214016, -5.384262257938334], [-7.479567087594702, -5.397811407989132], [-7.457711018167523, -5.4203933247404565], [-7.4355323499296135, -5.413296150904326], [-7.414079529015854, -5.399747000853532], [-7.391739561372579, -5.386197850802733], [-7.367867249378318, -5.37587468885927], [-7.345607931437725, -5.361680341187009], [-7.3335911257379145, -5.383617060316868], [-7.323187314091767, -5.401037396096463], [-7.309476864635606, -5.422974115226322], [-7.296653561908956, -5.448782020084981], [-7.307460622068524, -5.461040774892845], [-7.323993811118601, -5.469428343971909], [-7.347059626086027, -5.481687098779773], [-7.360205527623403, -5.490719865480303], [-7.3750450729171355, -5.499107434559368], [-7.409805094773642, -5.526850932282426], [-7.399401283127494, -5.55136844189815], [-7.390691115237696, -5.57524075389241], [-7.403111169450927, -5.585563915835873], [-7.431096616282034, -5.598467868265203], [-7.448436302358946, -5.6100814254515985], [-7.466582485462691, -5.6210497850165275], [-7.506100839777513, -5.6416961089034565], [-7.52094038507124, -5.651374073225455], [-7.537473574121317, -5.66105203754745], [-7.567797862330244, -5.661697235168916], [-7.579088820705904, -5.646857689875187], [-7.598364099647215, -5.613952611180397], [-7.610300255644348, -5.584273520592939], [-7.635140364070803, -5.542980872819086], [-7.653851095093334, -5.531367315632691], [-7.674497418980258, -5.542335675197621], [-7.68933696427399, -5.55136844189815], [-7.705789503621386, -5.561046406220149], [-7.732968453425659, -5.57330516102801], [-7.75684076541992, -5.579757137242675], [-7.77805163722563, -5.576531149135343], [-7.7860359577912766, -5.559110813355749], [-7.79885926051792, -5.535238501361491], [-7.806843581083567, -5.5165277703389615], [-7.814827901649219, -5.499752632180833], [-7.826038210322195, -5.477170715429508], [-7.843619845507161, -5.43845885814152], [-7.858781989611618, -5.405553779446728], [-7.8772507715260955, -5.377165084102204], [-7.895800203143261, -5.347485993514746], [-7.904510371033058, -5.321678088656086], [-7.91628522762482, -5.282321033746633], [-7.903945823114272, -5.2726430694246345], [-7.872653738473151, -5.256513128887974], [-7.8453941389661885, -5.242318781215711], [-7.819908832918266, -5.227479235921981], [-7.803294994165505, -5.213284888249722], [-7.814585952541164, -5.192638564362793], [-7.79885926051792, -5.183605797662263], [-7.77998723009003, -5.175218228583199], [-7.765147684796298, -5.166185461882669], [-7.743614214179856, -5.155217102317739]]]], "centroids": [[-7.630548736453635, -5.420369703050959, 0.0]], "h": 0.999927273748735}, "mtl": {"face": 0, "border": 1}, "prop": ["92394.266", "1515.719", "170", "0", "TIRUA", "TIRUA", "PB", "CC", "2000.00"], "lh": 0.0}]}